Roll.No,Handeler,ranking,problem Solved
,,,
2310030186,Sumeaira_77,0,['Practice Problems (0): ']
,,,
2310040105,surendra91,1005,['Practice Problems (112): ']
,,,
2310040129,anand60,723,['Practice Problems (47): ']
,,,
2310030188,jash_230030188,917,['Practice Problems (112): ']
,,,
2310030285,umamaheshwar85,494,['Practice Problems (0): ']
,,,
2310030290,machugari,1266,['Practice Problems (96): ']
,,,
2310030383,sathwik369,724,['Practice Problems (12): ']
,,,
2310030385,parthu0512,972,['Practice Problems (14): ']
,,,
2310030183,ramcharan93,898,['Practice Problems (1): ']
,,,
2310030382,jayasimha95,1017,['Practice Problems (117): ']
,,,
2310080068,Vk8885312245,0,['Practice Problems (1): ']
,,,
2310080070,likith90,854,['Practice Problems (272): ']
,,,
2310030190,rishidhali,1044,['Practice Problems (61): ']
,,,
2310030386,h2310030386,1286,['Practice Problems (34): ']
,,,
2310080066,r2310080066,1190,['Practice Problems (138): ']
,,,
2310030187,a2310030187,1070,['Practice Problems (121): ']
,,,
2310040100,bhagyasri90,1185,['Practice Problems (213): ']
,,,
2310040104,uday_kiran02,1139,['Practice Problems (42): ']
,,,
2310040103,Saisuryaraju,1143,['Practice Problems (79): ']
,,,
2310030181,ajayreddy28,1129,['Practice Problems (28): ']
,,,
2310040097,aniketpanda,1138,['Practice Problems (38): ']
,,,
2310080067,vivek0067,1129,['Practice Problems (216): ']
,,,
2310040106,lakshmireddy52,801,['Practice Problems (9): ']
,,,
2310030185,jeevana17,1064,['Practice Problems (197): ']
,,,
2310040098,vamshi40098,1047,['Practice Problems (223): ']
,,,
23100030390,prashanth93,1009,['Practice Problems (98): ']
,,,
2310030088,mvsraju,1082,['Practice Problems (33): ']
,,,
2310030281,srivarsha21,1023,['Practice Problems (157): ']
,,,
23100304449,vamsivardhan44,1029,['Practice Problems (170): ']
,,,
2310030381,bhanuroy,1048,['Practice Problems (264): ']
,,,
2310080069,abhilash37,991,['Practice Problems (20): ']
,,,
2310040102,Bhavya46,961,['Practice Problems (50): ']
,,,
2310030090,bhuvankrishna,985,['Practice Problems (142): ']
,,,
2310030389,sakethramu573,927,['Practice Problems (19): ']
,,,
2310030282,gandlavarshini,1043,['Practice Problems (188): ']
,,,
2310030083,chaitanya30383,1108,['Practice Problems (46): ']
,,,
2310080071,niharika75,1042,['Practice Problems (69): ']
,,,
2310030081,rithviksopinti,572,['Practice Problems (34): ']
,,,
2310030087,anasfaaiz,970,['Practice Problems (121): ']
,,,
2310030283,sowmya1120,1048,['Practice Problems (28): ']
,,,
2310030284,rangusowmya,970,['Practice Problems (81): ']
,,,
2310030086,manav49,971,['Practice Problems (205): ']
,,,
2310030184,sadhwika19,979,['Practice Problems (203): ']
,,,
2310040139,manoj_139,964,['Practice Problems (99): ']
,,,
2310040101,krishnabhavani,949,['Practice Problems (210): ']
,,,
2310030089,naveen2346,940,['Practice Problems (57): ']
,,,
2310030289,sai2310030289,858,['Practice Problems (156): ']
,,,
2310030387,akhilreddy90,801,['Practice Problems (38): ']
,,,
2310030288,ravi2310030288,883,['Practice Problems (9): ']
,,,
2310030085,saishreyas13,826,['Practice Problems (15): ']
,,,
2310030084,thanusree20,843,['Practice Problems (98): ']
,,,
2310030182,sathwik66,898,['Practice Problems (21): ']
,,,
2310080065,p2310080065,763,['Practice Problems (71): ']
,,,
2310030082,sangaakshitha,824,['Practice Problems (119): ']
,,,
2310040107,abhinay_67,721,['Practice Problems (24): ']
,,,
2310030384,ramcharan5412,829,['Practice Problems (100): ']
,,,
2310030286,cheran123,0,['Practice Problems (0): ']
,,,
2310030287,saisanthosh17,0,['Practice Problems (0): ']
,,,
2310040108,Siva2310040108,837,['Practice Problems (42): ']
,,,
2310030439,reddy1188,0,['Practice Problems (0): ']
,,,
2310030001,shayesta,996,['Practice Problems (31): ']
,,,
2310030002,aashritha03,1115,['Practice Problems (63): ']
,,,
2310030003,bhavani43,1064,['Practice Problems (3): ']
,,,
2310030004,shubhamd17,1411,['Practice Problems (57): ']
,,,
2310030005,hari2310030005,1074,['Practice Problems (117): ']
,,,
2310030006,sahaana06,1048,['Practice Problems (0): ']
,,,
2310030009,komalashashank,0,['Practice Problems (0): ']
,,,
2310030101,Lalithya101,1125,['Practice Problems (2): ']
,,,
2310030102,sreyan_swarna,591,['Practice Problems (177): ']
,,,
2310030103,hasmitha2006,1018,['Practice Problems (4): ']
,,,
2310030104,dhanush2005,720,['Practice Problems (91): ']
,,,
2310030107,ram_sathwik,918,['Practice Problems (90): ']
,,,
2310030108,santhosh_108,726,['Practice Problems (7): ']
,,,
2310030109,harsha_vardhk,1096,['Practice Problems (23): ']
,,,
2310030110,akhil_vutla,980,['Practice Problems (37): ']
,,,
2310030201,manudeep23,1188,['Practice Problems (113): ']
,,,
2310030202,ajayjohnpaulk7,1131,['Practice Problems (306): ']
,,,
2310030203,rakesh1817,683,['Practice Problems (8): ']
,,,
2310030204,nihaan1142,0,['Practice Problems (2): ']
,,,
2310030205,venu1,855,['Practice Problems (0): ']
,,,
2310030206,charitha33,1075,['Practice Problems (0): ']
,,,
2310030208,msb2411,1018,['Practice Problems (20): ']
,,,
2310030209,rithikreddy41,0,['Practice Problems (92): ']
,,,
2310030210,digvijayr210,1142,['Practice Problems (0): ']
,,,
2310030302,haricharan994,1150,['Practice Problems (3): ']
,,,
2310030303,vasista303,1045,['Practice Problems (94): ']
,,,
2310030304,sairaj999,664,['Practice Problems (5): ']
,,,
2310030307,charanvarmak66,1096,['Practice Problems (1): ']
,,,
2310030309,abhishek30309,854,['Practice Problems (0): ']
,,,
2310030310,yeshwanthrajt,0,['Practice Problems (0): ']
,,,
2310030401,viswanath01,1018,['Practice Problems (52): ']
,,,
2310030404,saniabasha,1520,['Practice Problems (16): ']
,,,
2310030405,Saikumarmandra,0,['Practice Problems (0): ']
,,,
2310030431,praneeth246,951,['Practice Problems (94): ']
,,,
2310030441,nihar61,918,['Practice Problems (53): ']
,,,
2310040001,a2310040001,639,['Practice Problems (1): ']
,,,
2310040003,prashanthi12,938,['Practice Problems (4): ']
,,,
2310040004,mdsameerahmed,731,['Practice Problems (191): ']
,,,
2310040005,kanishkreddy49,876,['Practice Problems (5): ']
,,,
2310040006,kaavya_1406,1021,['Practice Problems (208): ']
,,,
2310040008,pranav_2005,888,['Practice Problems (1): ']
,,,
2310040009,abinaya09,999,['Practice Problems (188): ']
,,,
2310040010,rohan_madanu,761,['Practice Problems (1): ']
,,,
2310040011,akshaya93,901,['Practice Problems (86): ']
,,,
2310040012,vyshnavi_2005,1424,['Practice Problems (4): ']
,,,
2310040121,ramya38,0,['Practice Problems (0): ']
,,,
2310080001,nair3091,1060,['Practice Problems (0): ']
,,,
2310080002,vidyasagar789,958,['Practice Problems (10): ']
,,,
2310080004,lalith03,872,['Practice Problems (2): ']
,,,
2310080005,hemanthsai06,1167,['Practice Problems (150): ']
,,,
2310080006,snehareddy0602,748,['Practice Problems (0): ']
,,,
2310080007,shoaib2005,1042,['Practice Problems (0): ']
,,,
2310080008,Bhuvanabhagi18,974,['Practice Problems (39): ']
,,,
2310080081,ziya_sk,663,['Practice Problems (15): ']
,,,
2310030091,alice16,893,['Practice Problems (218): ']
,,,
2310030092,mohithsai411,680,['Practice Problems (109): ']
,,,
2310030093,Pareekshith9,1130,['Practice Problems (157): ']
,,,
2310030094,ramu094,832,['Practice Problems (192): ']
,,,
2310030095,kranthi06,608,['Practice Problems (246): ']
,,,
2310030096,akhilraj096,969,['Practice Problems (223): ']
,,,
2310030097,policepavani92,1024,['Practice Problems (0): ']
,,,
2310030098,harinimukka,930,['Practice Problems (127): ']
,,,
2310030099,vaishnavinama3,1115,['Practice Problems (92): ']
,,,
2310030100,arya_143,1098,['Practice Problems (129): ']
,,,
2310030191,kamireddyvarun,971,['Practice Problems (175): ']
,,,
2310030192,harini_43,707,['Practice Problems (248): ']
,,,
2310030193,karthikreddy18,1076,['Practice Problems (146): ']
,,,
2310030194,vishnu194,749,['Practice Problems (123): ']
,,,
2310030195,thrinath6,747,['Practice Problems (76): ']
,,,
2310030196,pavankusumuru,608,['Practice Problems (113): ']
,,,
2310030198,dheeraj077,1109,['Practice Problems (136): ']
,,,
2310030200,varunsharma03,928,['Practice Problems (241): ']
,,,
2310030291,saikrishna80,599,['Practice Problems (208): ']
,,,
2310030292,sashank292,0,['Practice Problems (145): ']
,,,
2310030295,goutham295,0,['Practice Problems (62): ']
,,,
2310030296,Sai_2527,966,['Practice Problems (309): ']
,,,
2310030297,snehithareddy8,1073,['Practice Problems (147): ']
,,,
2310030298,h2310030298,837,['Practice Problems (213): ']
,,,
2310030299,saishanker444,1036,['Practice Problems (104): ']
,,,
2310030300,jeel_lukhi,1092,['Practice Problems (181): ']
,,,
2310030391,karthik_391,805,['Practice Problems (232): ']
,,,
2310030392,dhritiman2002,758,['Practice Problems (1): ']
,,,
2310030393,harsha1vardhan,858,['Practice Problems (231): ']
,,,
2310030396,vishist_16,1035,['Practice Problems (41): ']
,,,
2310030397,arun8497,725,['Practice Problems (241): ']
,,,
2310030398,rakesh398,949,['Practice Problems (7): ']
,,,
2310030399,sandeep399,751,['Practice Problems (13): ']
,,,
2310030400,aneeshwa,1116,['Practice Problems (83): ']
,,,
2310030440,Avanireddy1,1137,['Practice Problems (121): ']
,,,
2310030450,aakirirahul,914,['Practice Problems (286): ']
,,,
2310040109,r2310040109,758,['Practice Problems (156): ']
,,,
2310040110,charmitha,953,['Practice Problems (39): ']
,,,
2310040111,omkar91,892,['Practice Problems (144): ']
,,,
2310040112,sushma_konatam,980,['Practice Problems (244): ']
,,,
2310040113,dile2310040113,770,['Practice Problems (121): ']
,,,
2310040116,harini_116,1035,['Practice Problems (244): ']
,,,
2310040130,shiva7013,1103,['Practice Problems (124): ']
,,,
2310080073,devaralavinay,796,['Practice Problems (156): ']
,,,
2310080076,sonali_pradhan,746,['Practice Problems (7): ']
,,,
2310080077,gopalakrishna7,741,['Practice Problems (24): ']
,,,
2310080078,emythri,1073,['Practice Problems (252): ']
,,,
2310080079,saigoutham27,1066,['Practice Problems (208): ']
,,,
2310080080,srikar16,1093,['Practice Problems (215): ']
,,,
2310030197,r2310030197,761,['Practice Problems (242): ']
,,,
2310040117,spandana88,827,['Practice Problems (332): ']
,,,
2310080075,thumma_manvi,0,['Practice Problems (114): ']
,,,
2310040115,amukthareddy7,1113,['Practice Problems (242): ']
,,,
2310040114,ashritha114,1127,['Practice Problems (227): ']
,,,
2310040118,abhinavreddy69,489,['Practice Problems (63): ']
,,,
2310030011,ashrith011,1136,['Practice Problems (22): ']
,,,
2310030012,ruthwikpvn,1090,['Practice Problems (136): ']
,,,
2310030013,manthan30013,974,['Practice Problems (8): ']
,,,
2310030014,madhusudhan96,1230,['Practice Problems (24): ']
,,,
2310030015,krantishreya,1071,['Practice Problems (124): ']
,,,
2310030016,saimanvitha016,1423,['Practice Problems (26): ']
,,,
2310030018,yash2310030018,1380,['Practice Problems (19): ']
,,,
2310030019,ashmit007,1068,['Practice Problems (95): ']
,,,
2310030020,shivav,826,['Practice Problems (7): ']
,,,
2310030111,aniketojha,1053,['Practice Problems (10): ']
,,,
2310030112,nirmal06,914,['Practice Problems (1): ']
,,,
2310030113,saipranitha31,1102,['Practice Problems (61): ']
,,,
2310030114,dheeraj2006,950,['Practice Problems (17): ']
,,,
2310030115,lokesh_2006,1102,['Practice Problems (26): ']
,,,
2310030116,akhilesh14,1318,['Practice Problems (168): ']
,,,
2310030117,yaswanth117,962,['Practice Problems (12): ']
,,,
2310030118,Shivanireddy_8,939,['Practice Problems (83): ']
,,,
2310030119,likhitha_94,1059,['Practice Problems (88): ']
,,,
2310030120,ganesh_54,1190,['Practice Problems (256): ']
,,,
2310030211,pavan_nani_211,1205,['Practice Problems (42): ']
,,,
2310030212,hemanth2310030,1078,['Practice Problems (95): ']
,,,
2310030214,neelamanjali,1125,['Practice Problems (50): ']
,,,
2310030215,pravalika84,1253,['Practice Problems (82): ']
,,,
2310030216,ln_singana,795,['Practice Problems (9): ']
,,,
2310030217,abhishekdotm,1224,['Practice Problems (71): ']
,,,
2310030218,charith218,1018,['Practice Problems (16): ']
,,,
2310030219,yakshith2819,1337,['Practice Problems (18): ']
,,,
2310030220,saivarshith04,1197,['Practice Problems (39): ']
,,,
2310030311,sridath311,1225,['Practice Problems (182): ']
,,,
2310030313,kothapally_313,1422,['Practice Problems (35): ']
,,,
2310030314,abhilash90,712,['Practice Problems (6): ']
,,,
2310030315,rohith315,771,['Practice Problems (2): ']
,,,
2310030316,dharanipriya04,998,['Practice Problems (4): ']
,,,
2310030317,y2310030317,969,['Practice Problems (63): ']
,,,
2310030318,mani318,814,['Practice Problems (3): ']
,,,
2310030406,uday074,1007,['Practice Problems (11): ']
,,,
2310030407,govardhan_05,1231,['Practice Problems (163): ']
,,,
2310030409,sankojumohan,892,['Practice Problems (9): ']
,,,
2310030410,mahesh_0410,1185,['Practice Problems (0): ']
,,,
2310030432,revanth432,1351,['Practice Problems (0): ']
,,,
2310030442,vishal96662414,816,['Practice Problems (0): ']
,,,
2310030454,elurilakshmi,799,['Practice Problems (0): ']
,,,
2310040013,krishnaveni_04,1268,['Practice Problems (20): ']
,,,
2310040014,aditya_1125,885,['Practice Problems (1): ']
,,,
2310040016,pranitha_16,1031,['Practice Problems (12): ']
,,,
2310040017,laxman55,809,['Practice Problems (34): ']
,,,
2310040018,chetana_40018,926,['Practice Problems (8): ']
,,,
2310040019,akhilavr_77,982,['Practice Problems (9): ']
,,,
2310040020,sathwikreddy4,1295,['Practice Problems (91): ']
,,,
2310040021,rekharuthika,1427,['Practice Problems (26): ']
,,,
2310040022,sharathbollu,996,['Practice Problems (85): ']
,,,
2310040023,yasaswini_1206,1194,['Practice Problems (41): ']
,,,
2310040024,srinath1605,1073,['Practice Problems (217): ']
,,,
2310040132,raviratna66,1362,['Practice Problems (81): ']
,,,
2310080010,rushikannan05,1061,['Practice Problems (15): ']
,,,
2310080012,udayasindhu,1013,['Practice Problems (1): ']
,,,
2310080013,anjalikukkala1,1035,['Practice Problems (9): ']
,,,
2310080014,kanishkapg,1195,['Practice Problems (170): ']
,,,
2310080015,umabhavisha22,1007,['Practice Problems (68): ']
,,,
2310080016,likith80016,924,['Practice Problems (84): ']
,,,
2310030021,sathwikram21,1111,['Practice Problems (45): ']
,,,
2310030022,aiswarya022,731,['Practice Problems (40): ']
,,,
2310030023,snehitha023,1179,['Practice Problems (156): ']
,,,
2310030024,swetha23100300,1010,['Practice Problems (218): ']
,,,
2310030026,kavinash,707,['Practice Problems (290): ']
,,,
2310030027,vprasannareddy,1406,['Practice Problems (26): ']
,,,
2310030028,srikartik28,1086,['Practice Problems (250): ']
,,,
2310030029,shiva029,824,['Practice Problems (172): ']
,,,
2310030030,manish030,1050,['Practice Problems (149): ']
,,,
2310030121,ravikiran9390,1126,['Practice Problems (257): ']
,,,
2310030122,kscz,1093,['Practice Problems (73): ']
,,,
2310030123,siddarth_2005,910,['Practice Problems (150): ']
,,,
2310030124,praveensai18,1075,['Practice Problems (285): ']
,,,
2310030125,afzal125,1052,['Practice Problems (182): ']
,,,
2310030126,praveen126,921,['Practice Problems (63): ']
,,,
2310030127,kadapakeerthi,1028,['Practice Problems (140): ']
,,,
2310030128,charitha1624,840,['Practice Problems (136): ']
,,,
2310030129,rahulkeshamoni,1189,['Practice Problems (260): ']
,,,
2310030130,Afraz000,968,['Practice Problems (115): ']
,,,
2310030221,poreddy221,1057,['Practice Problems (253): ']
,,,
2310030222,allu2310030222,626,['Practice Problems (16): ']
,,,
2310030223,sujan_223,1402,['Practice Problems (286): ']
,,,
2310030224,pranay_224,1444,['Practice Problems (245): ']
,,,
2310030225,jithendar225,945,['Practice Problems (251): ']
,,,
2310030226,varshitha226,1117,['Practice Problems (244): ']
,,,
2310030227,vena2310030227,790,['Practice Problems (239): ']
,,,
2310030228,varuni228,917,['Practice Problems (248): ']
,,,
2310030230,nikhitha_2250,862,['Practice Problems (241): ']
,,,
2310030321,vamshireddy22,1008,['Practice Problems (166): ']
,,,
2310030322,ncharanreddy,1009,['Practice Problems (257): ']
,,,
2310030323,vineeth323,943,['Practice Problems (255): ']
,,,
2310030324,karthikv1547,1170,['Practice Problems (195): ']
,,,
2310030325,spectresid,1013,['Practice Problems (162): ']
,,,
2310030326,bvikas,876,['Practice Problems (44): ']
,,,
2310030327,aashritha327,954,['Practice Problems (257): ']
,,,
2310030328,lavanya328,913,['Practice Problems (165): ']
,,,
2310030329,aksh2310030329,893,['Practice Problems (257): ']
,,,
2310030330,kavali23100303,1003,['Practice Problems (249): ']
,,,
2310030411,shahensha411,1080,['Practice Problems (236): ']
,,,
2310030412,aravind412,866,['Practice Problems (265): ']
,,,
2310030413,sushmitha413,1322,['Practice Problems (279): ']
,,,
2310030414,kannagoud,633,['Practice Problems (58): ']
,,,
2310030415,sravyagoud,1063,['Practice Problems (185): ']
,,,
2310030433,godratan,1066,['Practice Problems (153): ']
,,,
2310030443,lohith7069,988,['Practice Problems (38): ']
,,,
2310040025,dhiraj25,930,['Practice Problems (254): ']
,,,
2310040026,rohith026,1107,['Practice Problems (255): ']
,,,
2310040027,rizwan027,756,['Practice Problems (12): ']
,,,
2310040028,sanju0406,1104,['Practice Problems (228): ']
,,,
2310040029,anush029,881,['Practice Problems (257): ']
,,,
2310040030,nitinab31,948,['Practice Problems (150): ']
,,,
2310040031,anurag_031,948,['Practice Problems (68): ']
,,,
2310040032,sravya032,1189,['Practice Problems (256): ']
,,,
2310040033,kavya033,1157,['Practice Problems (262): ']
,,,
2310040034,reddyarchana,918,['Practice Problems (263): ']
,,,
2310040035,charanteja8,1141,['Practice Problems (255): ']
,,,
2310040036,lahari036,1078,['Practice Problems (263): ']
,,,
2310040123,akshayreddy55,0,['Practice Problems (76): ']
,,,
2310040133,saivikas69,921,['Practice Problems (242): ']
,,,
2310080017,liya017,856,['Practice Problems (204): ']
,,,
2310080018,varshitha018,1038,['Practice Problems (234): ']
,,,
2310080019,sindhu80019,916,['Practice Problems (212): ']
,,,
2310080020,sriya20,0,['Practice Problems (0): ']
,,,
2310080021,samith33,850,['Practice Problems (289): ']
,,,
2310080022,akhilsaireddy1,1111,['Practice Problems (200): ']
,,,
2310080023,gowtham023,1041,['Practice Problems (286): ']
,,,
2310080024,karthikeya024,1069,['Practice Problems (250): ']
,,,
2310080083,somu2323,951,['Practice Problems (254): ']
,,,
2310030031,sunanda28,1055,['Practice Problems (62): ']
,,,
2310030032,n2310030032,1215,['Practice Problems (107): ']
,,,
2310030033,umesh_033,968,['Practice Problems (7): ']
,,,
2310030035,shanmukha777,1177,['Practice Problems (12): ']
,,,
2310030036,kashika18,534,['Practice Problems (8): ']
,,,
2310030037,chyavan_tedla,923,['Practice Problems (48): ']
,,,
2310030038,vindhyadulla,938,['Practice Problems (44): ']
,,,
2310030039,suryatej039,899,['Practice Problems (87): ']
,,,
2310030040,sreekar18,933,['Practice Problems (77): ']
,,,
2310030131,devanshsanghi3,729,['Practice Problems (6): ']
,,,
2310030132,satyasena,1056,['Practice Problems (22): ']
,,,
2310030133,yougander,1265,['Practice Problems (8): ']
,,,
2310030134,aditya_mangala,843,['Practice Problems (4): ']
,,,
2310030135,deekshith05,1069,['Practice Problems (33): ']
,,,
2310030136,shivaprasad72,938,['Practice Problems (25): ']
,,,
2310030137,trishank18,1090,['Practice Problems (55): ']
,,,
2310030138,nikhil138,1079,['Practice Problems (250): ']
,,,
2310030139,sadhuharshitha,997,['Practice Problems (94): ']
,,,
2310030140,karthik_1512,1049,['Practice Problems (1): ']
,,,
2310030232,udit2310030232,990,['Practice Problems (70): ']
,,,
2310030233,bhanu342,757,['Practice Problems (47): ']
,,,
2310030234,yuktha25,980,['Practice Problems (178): ']
,,,
2310030235,nyshu28,1020,['Practice Problems (184): ']
,,,
2310030236,asrithareddy98,1052,['Practice Problems (195): ']
,,,
2310030237,joel2310030237,796,['Practice Problems (30): ']
,,,
2310030238,phildunphy_06,543,['Practice Problems (27): ']
,,,
2310030239,bharat239,591,['Practice Problems (14): ']
,,,
2310030240,sumanth_60,1042,['Practice Problems (7): ']
,,,
2310030331,devinehaasini,809,['Practice Problems (198): ']
,,,
2310030333,maver1cks,1221,['Practice Problems (185): ']
,,,
2310030334,h2310030334,1211,['Practice Problems (12): ']
,,,
2310030335,koudagani,621,['Practice Problems (0): ']
,,,
2310030336,gramcharan,1093,['Practice Problems (68): ']
,,,
2310030337,charith337,990,['Practice Problems (28): ']
,,,
2310030338,tarunkumar01,612,['Practice Problems (0): ']
,,,
2310030339,b2310030339,979,['Practice Problems (148): ']
,,,
2310030416,nanda25,832,['Practice Problems (15): ']
,,,
2310030417,harisriramula,0,['Practice Problems (9): ']
,,,
2310030418,jithin03,822,['Practice Problems (0): ']
,,,
2310030419,hema_charan_12,815,['Practice Problems (10): ']
,,,
2310030420,srivardan07,867,['Practice Problems (0): ']
,,,
2310030434,klh2310030434,886,['Practice Problems (0): ']
,,,
2310030444,dheeraj718,892,['Practice Problems (51): ']
,,,
2310040037,noyafalak,911,['Practice Problems (208): ']
,,,
2310040038,awaiz29,1026,['Practice Problems (122): ']
,,,
2310040039,poojitha72,887,['Practice Problems (183): ']
,,,
2310040040,dandurahul,1106,['Practice Problems (66): ']
,,,
2310040042,harsha1009,1157,['Practice Problems (100): ']
,,,
2310040043,pranavklh,607,['Practice Problems (0): ']
,,,
2310040044,satha_044,1136,['Practice Problems (254): ']
,,,
2310040045,srinandini45,941,['Practice Problems (108): ']
,,,
2310040046,bvsbhuvanesh,992,['Practice Problems (44): ']
,,,
2310040047,srisusmitha47,1190,['Practice Problems (14): ']
,,,
2310040048,hasini06,955,['Practice Problems (153): ']
,,,
2310080025,nishanth025,1059,['Practice Problems (224): ']
,,,
2310080026,pavankumar026,685,['Practice Problems (10): ']
,,,
2310080027,saisuvvidh027,1028,['Practice Problems (1): ']
,,,
2310080028,vivianreddy46,821,['Practice Problems (21): ']
,,,
2310080029,snigdha029,733,['Practice Problems (7): ']
,,,
2310080031,shaiktalat,1110,['Practice Problems (231): ']
,,,
2310080032,harshini032,1001,['Practice Problems (90): ']
,,,
2310030149,sadavika,885,['Practice Problems (254): ']
,,,
2310030350,yash2310030350,621,['Practice Problems (267): ']
,,,
2310040050,klh_2310040050,1040,['Practice Problems (87): ']
,,,
2310040051,rahaman7676,933,['Practice Problems (6): ']
,,,
2310030435,fasih69,843,['Practice Problems (94): ']
,,,
2310040056,pranay66,713,['Practice Problems (0): ']
,,,
2310040135,shivakumar73,1222,['Practice Problems (108): ']
,,,
2310030347,shashank6881,0,['Practice Problems (68): ']
,,,
2310030349,bunty349,0,['Practice Problems (9): ']
,,,
2310030047,sai2310030047,749,['Practice Problems (0): ']
,,,
2310030142,nakshatra08,995,['Practice Problems (239): ']
,,,
2310040125,harshith_2005,1122,['Practice Problems (256): ']
,,,
2310080034,luckyx100,1220,['Practice Problems (53): ']
,,,
2310030445,vyshnavi_devi,1187,['Practice Problems (172): ']
,,,
2310040058,sirisha2006,1245,['Practice Problems (258): ']
,,,
2310040060,sowmyyaaa,1170,['Practice Problems (252): ']
,,,
2310030049,bharath30049,865,['Practice Problems (156): ']
,,,
2310080036,aditidamodar23,1160,['Practice Problems (250): ']
,,,
2310030045,tsaiuday,1106,['Practice Problems (19): ']
,,,
2310030044,raikhushi_231,1150,['Practice Problems (155): ']
,,,
2310030150,dhroov150,1228,['Practice Problems (296): ']
,,,
2310030143,sanvika143,879,['Practice Problems (3): ']
,,,
2310030145,vig2310030145,837,['Practice Problems (187): ']
,,,
2310040059,haripriya7b,1101,['Practice Problems (156): ']
,,,
2310030042,prudhvi91,1075,['Practice Problems (0): ']
,,,
2310030043,arpita_0043,1150,['Practice Problems (245): ']
,,,
2310030048,mvnsharma,986,['Practice Problems (80): ']
,,,
2310030147,hv2310030147,1049,['Practice Problems (44): ']
,,,
2310030344,pranaya_0101,948,['Practice Problems (20): ']
,,,
2310030341,varun_33,985,['Practice Problems (235): ']
,,,
2310040053,harivrdhan,979,['Practice Problems (103): ']
,,,
2310030346,drnidhish,1138,['Practice Problems (0): ']
,,,
2310030241,m2310030241,988,['Practice Problems (264): ']
,,,
2310080039,varshith039,1097,['Practice Problems (236): ']
,,,
2310030246,sai2310030246,977,['Practice Problems (285): ']
,,,
2310040057,saipramod9989,1097,['Practice Problems (63): ']
,,,
2310030146,bhavana146,928,['Practice Problems (53): ']
,,,
2310030141,ch_sanjana,1072,['Practice Problems (100): ']
,,,
2310030144,nt2310030144,936,['Practice Problems (119): ']
,,,
2310030247,harshith_247,986,['Practice Problems (269): ']
,,,
2310040049,navyasri88,1011,['Practice Problems (229): ']
,,,
2310080038,manmith,894,['Practice Problems (247): ']
,,,
2310030342,adarsharyan07,820,['Practice Problems (251): ']
,,,
2310040052,vijay_52,972,['Practice Problems (129): ']
,,,
2310030248,r_2310030248,869,['Practice Problems (311): ']
,,,
2310030244,shruti_kamma,937,['Practice Problems (136): ']
,,,
2310030242,durgesh29,496,['Practice Problems (274): ']
,,,
2310030343,ranjith343,710,['Practice Problems (245): ']
,,,
2310080040,abiramcodes840,793,['Practice Problems (27): ']
,,,
2310030050,manogna06,850,['Practice Problems (175): ']
,,,
2310030250,saipraneeth22,1002,['Practice Problems (254): ']
,,,
2310030046,nikhil1831s,1013,['Practice Problems (1): ']
,,,
2310030245,avin2310030245,865,['Practice Problems (7): ']
,,,
2310030345,sai2310030345,1049,['Practice Problems (26): ']
,,,
2310030243,p2310030243,662,['Practice Problems (86): ']
,,,
2310040055,sai2310040055,700,['Practice Problems (3): ']
,,,
2310030148,zaidnaseer,1318,['Practice Problems (269): ']
,,,
2310030051,pranathi0051,997,['Practice Problems (249): ']
,,,
2310030052,nlohithreddy,1041,['Practice Problems (262): ']
,,,
2310030053,nikhil5178,1097,['Practice Problems (302): ']
,,,
2310030054,kundamvishnu,966,['Practice Problems (269): ']
,,,
2310030055,bhavishya7,973,['Practice Problems (251): ']
,,,
2310030056,pravallika056,980,['Practice Problems (258): ']
,,,
2310030057,aswanth29,885,['Practice Problems (257): ']
,,,
2310030058,gnyaneshwar,1060,['Practice Problems (251): ']
,,,
2310030059,sriharshitha19,920,['Practice Problems (253): ']
,,,
2310030060,mallelaaditi,1033,['Practice Problems (262): ']
,,,
2310030151,navadeep_30151,892,['Practice Problems (242): ']
,,,
2310030152,vijay_sagar,876,['Practice Problems (209): ']
,,,
2310030153,shoeib,269,['Practice Problems (208): ']
,,,
2310030154,sobhansrikanth,1249,['Practice Problems (250): ']
,,,
2310030155,jayathi8519,1059,['Practice Problems (250): ']
,,,
2310030156,v2310030156,1086,['Practice Problems (251): ']
,,,
2310030157,karthii05,1009,['Practice Problems (276): ']
,,,
2310030158,kl_2310030158,839,['Practice Problems (250): ']
,,,
2310030159,akhil_30159,1012,['Practice Problems (252): ']
,,,
2310030160,jeevn,1080,['Practice Problems (250): ']
,,,
2310030251,sanjay_addala,977,['Practice Problems (264): ']
,,,
2310030252,mytrosh_252,903,['Practice Problems (254): ']
,,,
2310030253,chaitanya253,1031,['Practice Problems (104): ']
,,,
2310030254,vr2310030254,1110,['Practice Problems (288): ']
,,,
2310030255,syed2310030255,1310,['Practice Problems (258): ']
,,,
2310030256,s2310030256,1030,['Practice Problems (259): ']
,,,
2310030257,srimaanya_257,817,['Practice Problems (189): ']
,,,
2310030258,Prasadreddy67,1039,['Practice Problems (210): ']
,,,
2310030260,vineethroy,1059,['Practice Problems (297): ']
,,,
2310030352,Shivakumar4546,1141,['Practice Problems (259): ']
,,,
2310030353,dheeraj4428,989,['Practice Problems (254): ']
,,,
2310030354,aryaveer05,749,['Practice Problems (258): ']
,,,
2310030355,suhaib07,961,['Practice Problems (250): ']
,,,
2310030356,kalemanideep,764,['Practice Problems (8): ']
,,,
2310030357,Kosika87,1007,['Practice Problems (258): ']
,,,
2310030358,srivalli22,867,['Practice Problems (252): ']
,,,
2310030359,karthik359,663,['Practice Problems (121): ']
,,,
2310030360,harsha1278,1059,['Practice Problems (250): ']
,,,
2310030421,gurucharan_421,1201,['Practice Problems (248): ']
,,,
2310030422,vinay_422,611,['Practice Problems (0): ']
,,,
2310030423,Shashank2205,932,['Practice Problems (266): ']
,,,
2310030424,maddojubhavya,1078,['Practice Problems (252): ']
,,,
2310030425,poojanreddy,996,['Practice Problems (94): ']
,,,
2310030436,srihari87,939,['Practice Problems (296): ']
,,,
2310030446,nayan_kanna,0,['Practice Problems (0): ']
,,,
2310030451,kavya836,1221,['Practice Problems (250): ']
,,,
2310040061,Shruthi63,1055,['Practice Problems (255): ']
,,,
2310040062,a2310040062,982,['Practice Problems (249): ']
,,,
2310040063,s2310040063,1046,['Practice Problems (261): ']
,,,
2310040064,g2310040064,1042,['Practice Problems (251): ']
,,,
2310040065,d2310040065,1404,['Practice Problems (258): ']
,,,
2310040067,rohith_067,973,['Practice Problems (296): ']
,,,
2310040068,Keerthireddy14,1049,['Practice Problems (260): ']
,,,
2310040069,rishik69,1013,['Practice Problems (262): ']
,,,
2310040070,priyankap25,993,['Practice Problems (253): ']
,,,
2310040071,raviteja71,929,['Practice Problems (250): ']
,,,
2310040072,akshayareddy23,1033,['Practice Problems (253): ']
,,,
2310040126,sanjana20186,1018,['Practice Problems (256): ']
,,,
2310040138,vaishu9564,1051,['Practice Problems (226): ']
,,,
2310080041,sumil_gandhi,1074,['Practice Problems (229): ']
,,,
2310080042,himavarshinir,1122,['Practice Problems (117): ']
,,,
2310080043,yashhkodali,1053,['Practice Problems (251): ']
,,,
2310080044,rahulyadav2006,944,['Practice Problems (242): ']
,,,
2310080045,nagasrisreya,1056,['Practice Problems (231): ']
,,,
2310080046,karthk046,962,['Practice Problems (252): ']
,,,
2310080047,varun1422,978,['Practice Problems (256): ']
,,,
2310080048,pushpa0048,1139,['Practice Problems (251): ']
,,,
2310080086,r2310080086,1020,['Practice Problems (261): ']
,,,
2310030061,mulya,453,['Practice Problems (0): ']
,,,
2310030063,sahithi_63,0,['Practice Problems (30): ']
,,,
2310030065,neel_065,758,['Practice Problems (186): ']
,,,
2310030067,bharshitha067,1002,['Practice Problems (234): ']
,,,
2310030068,shreyas_068,1020,['Practice Problems (193): ']
,,,
2310030069,abdullateef,990,['Practice Problems (230): ']
,,,
2310030070,yashitha_070,1063,['Practice Problems (160): ']
,,,
2310030161,dsaisharan,794,['Practice Problems (252): ']
,,,
2310030162,akhil162,557,['Practice Problems (232): ']
,,,
2310030163,abhinav_163,918,['Practice Problems (252): ']
,,,
2310030164,vishal_164,0,['Practice Problems (74): ']
,,,
2310030165,mukesh_165,682,['Practice Problems (118): ']
,,,
2310030166,ruchitha7503,1018,['Practice Problems (152): ']
,,,
2310030168,abhinavv_168,0,['Practice Problems (0): ']
,,,
2310030169,Srijareddy55,758,['Practice Problems (0): ']
,,,
2310030170,gayethri_170,1001,['Practice Problems (209): ']
,,,
2310030261,ram261,1091,['Practice Problems (239): ']
,,,
2310030262,teja_262,917,['Practice Problems (236): ']
,,,
2310030263,teja_263,702,['Practice Problems (239): ']
,,,
2310030264,p2310030264,0,['Practice Problems (255): ']
,,,
2310030265,vyshnav_265,964,['Practice Problems (245): ']
,,,
2310030266,ruthvika_266,1029,['Practice Problems (255): ']
,,,
2310030267,manasvireddyy9,1060,['Practice Problems (165): ']
,,,
2310030268,gayatri_268,1068,['Practice Problems (242): ']
,,,
2310030269,shivani_269,1060,['Practice Problems (261): ']
,,,
2310030270,vinusha_270,921,['Practice Problems (235): ']
,,,
2310030361,nikhitha361,815,['Practice Problems (225): ']
,,,
2310030362,aparna_362,844,['Practice Problems (195): ']
,,,
2310030363,hanachristina,1239,['Practice Problems (254): ']
,,,
2310030364,dshivani364,751,['Practice Problems (132): ']
,,,
2310030365,koumudhi365,1059,['Practice Problems (229): ']
,,,
2310030366,nikhilv_366,750,['Practice Problems (279): ']
,,,
2310030367,pavankumar367,968,['Practice Problems (237): ']
,,,
2310030368,saijathin_368,1111,['Practice Problems (249): ']
,,,
2310030369,s_mansoor_369,923,['Practice Problems (86): ']
,,,
2310030370,hasini_370,639,['Practice Problems (53): ']
,,,
2310030437,rsaikiran,705,['Practice Problems (250): ']
,,,
2310030447,ydeepthi,1126,['Practice Problems (198): ']
,,,
2310040073,mitteakhil,980,['Practice Problems (240): ']
,,,
2310040074,manikanta_0074,879,['Practice Problems (237): ']
,,,
2310040075,sheshi75,882,['Practice Problems (203): ']
,,,
2310040076,kvenkat_076,970,['Practice Problems (165): ']
,,,
2310040077,tejaswini077,1103,['Practice Problems (253): ']
,,,
2310040078,sreenivas78,1130,['Practice Problems (220): ']
,,,
2310040079,deekshith61,1071,['Practice Problems (248): ']
,,,
2310040080,r2310040080,935,['Practice Problems (251): ']
,,,
2310040081,vaishu081,1115,['Practice Problems (165): ']
,,,
2310040082,Chilkurivarun,980,['Practice Problems (288): ']
,,,
2310040083,channareddy,908,['Practice Problems (203): ']
,,,
2310040084,pakkinithish,1103,['Practice Problems (251): ']
,,,
2310040127,varsha127,1212,['Practice Problems (174): ']
,,,
2310040136,vamsi756,1120,['Practice Problems (160): ']
,,,
2310080049,nithesha49,942,['Practice Problems (254): ']
,,,
2310080050,nandhitha17,944,['Practice Problems (232): ']
,,,
2310080052,devaanand_052,882,['Practice Problems (176): ']
,,,
2310080053,sweshikreddy,1400,['Practice Problems (221): ']
,,,
2310080054,lohit7,1097,['Practice Problems (166): ']
,,,
2310080055,charan_545,933,['Practice Problems (271): ']
,,,
2310080056,aravind_56,1041,['Practice Problems (250): ']
,,,
2310080087,veniparasa16,1028,['Practice Problems (186): ']
,,,
2310030071,danduaruna,1229,['Practice Problems (40): ']
,,,
2310030072,architaaa,942,['Practice Problems (149): ']
,,,
2310030073,charishma73,1117,['Practice Problems (16): ']
,,,
2310030074,neha_74,871,['Practice Problems (13): ']
,,,
2310030075,varshithkumar0,1080,['Practice Problems (141): ']
,,,
2310030076,manas_076,1154,['Practice Problems (106): ']
,,,
2310030077,krithik_s,835,['Practice Problems (222): ']
,,,
2310030078,abhinay_119,1348,['Practice Problems (179): ']
,,,
2310030079,nikhilavutu,1127,['Practice Problems (127): ']
,,,
2310030080,farisakhan,1078,['Practice Problems (82): ']
,,,
2310030171,niveditha4115,1039,['Practice Problems (44): ']
,,,
2310030172,nip2310030172,1300,['Practice Problems (182): ']
,,,
2310030173,pratapkumar173,1201,['Practice Problems (0): ']
,,,
2310030175,rushikesh_175,1257,['Practice Problems (138): ']
,,,
2310030176,venkatsaikusum,0,['Practice Problems (0): ']
,,,
2310030177,md_2310030177,1087,['Practice Problems (72): ']
,,,
2310030178,krishanth6009,1119,['Practice Problems (130): ']
,,,
2310030179,aveena,887,['Practice Problems (34): ']
,,,
2310030180,hrishikesh0180,1120,['Practice Problems (40): ']
,,,
2310030272,saiyeshwanth,967,['Practice Problems (183): ']
,,,
2310030274,abhiram_274,1034,['Practice Problems (231): ']
,,,
2310030275,karthikreddy05,0,['Practice Problems (251): ']
,,,
2310030276,saibalaji7078,1098,['Practice Problems (175): ']
,,,
2310030278,deathlyweapon2,685,['Practice Problems (0): ']
,,,
2310030279,cc2310030279,661,['Practice Problems (88): ']
,,,
2310030280,nagaashwin,1356,['Practice Problems (168): ']
,,,
2310030371,gowtham_sai_k,1237,['Practice Problems (173): ']
,,,
2310030372,golla_avinash,0,['Practice Problems (7): ']
,,,
2310030373,ritish3010,1090,['Practice Problems (256): ']
,,,
2310030374,lohithsaivarma,939,['Practice Problems (7): ']
,,,
2310030375,praneeth_sai14,1102,['Practice Problems (21): ']
,,,
2310030376,sreedhar_24,1296,['Practice Problems (1): ']
,,,
2310030378,rakesh142006,1111,['Practice Problems (224): ']
,,,
2310030379,Mounikaareddy,1179,['Practice Problems (195): ']
,,,
2310030380,sravyalucky29,1195,['Practice Problems (105): ']
,,,
2310030426,nawaz_426,1355,['Practice Problems (45): ']
,,,
2310030427,krishna_427,831,['Practice Problems (154): ']
,,,
2310030428,lakshmi7013348,885,['Practice Problems (251): ']
,,,
2310030429,thebikashnath,1117,['Practice Problems (268): ']
,,,
2310030438,shaheera84,1157,['Practice Problems (44): ']
,,,
2310030448,rakesh448,1176,['Practice Problems (8): ']
,,,
2310040086,saikrishna83,0,['Practice Problems (0): ']
,,,
2310040087,vignesh_87,1044,['Practice Problems (199): ']
,,,
2310040088,vamshi_88,1060,['Practice Problems (95): ']
,,,
2310040089,saitejakokala,1120,['Practice Problems (82): ']
,,,
2310040090,dlikitha123,909,['Practice Problems (253): ']
,,,
2310040091,n2002310040091,961,['Practice Problems (146): ']
,,,
2310040092,gowthami35,897,['Practice Problems (247): ']
,,,
2310040094,kaushik58,1124,['Practice Problems (6): ']
,,,
2310040096,sritej_96,1082,['Practice Problems (45): ']
,,,
2310040128,sirisha_1412,985,['Practice Problems (250): ']
,,,
2310040137,rahulgoud13,961,['Practice Problems (55): ']
,,,
2310080057,manish918,1180,['Practice Problems (16): ']
,,,
2310080058,saiashishm,1173,['Practice Problems (154): ']
,,,
2310080059,triambakeshwar,996,['Practice Problems (1): ']
,,,
2310080060,srisaiarun,989,['Practice Problems (99): ']
,,,
2310080061,yashwanth099,808,['Practice Problems (8): ']
,,,
2310080063,vishnusatya,929,['Practice Problems (46): ']
,,,
2310080064,janusha_2006,919,['Practice Problems (197): ']
